uuid,timestamp,caller_id,call_type,duration
3DA5B7D0-9B09-427E-A9BD-6E101DFAC44D,2024-08-07T14:53:00.319552,,cellular,0
89D49C32-3AD9-42FF-9811-51C2E51A033B,2024-08-07T14:53:11.039107,,cellular,58.0
B599836F-21BB-4980-BB71-DE8147995068,2024-08-07T14:54:30.058388,,cellular,0
82EA109D-A242-4830-9D87-9C395CA669F0,2024-08-07T15:23:10.046736,,cellular,0
AB973549-67D8-4416-A8BD-176FAC459737,2024-08-07T15:24:49.073293,,cellular,0
8A28B63A-A494-4E88-921B-387CE4832ABE,2024-08-07T15:26:19.065414,,cellular,0
3B1D01C3-7825-4C33-8425-B1D00FDE29C9,2024-08-07T15:32:00.048598,,cellular,0
290B3B69-A006-4E5B-B2A6-36336DB7AB67,2024-08-07T15:32:52.051942,,cellular,0
0C971657-1A90-4BC6-90E6-1F379710CE1C,2024-08-07T15:37:20.070516,,cellular,0
6F86621C-9B78-4331-8A46-6318567D357C,2024-08-07T17:26:44.057239,,cellular,0
B91C4432-CC47-4289-861A-E685CCF8FC4F,2024-08-07T17:26:52.882026,,cellular,0
5891D040-0744-4E0F-BFAC-C9619576CAD2,2024-08-07T17:27:08.205602,,cellular,0
2768EB4C-496C-4BC0-8DF8-F05DCE240DF2,2024-08-08T00:08:46.078032,,cellular,0
AA74A560-8FE6-43B8-909A-B84C696A6248,2024-08-08T01:42:47.065556,,cellular,0
34DB95C7-1F9B-4E23-96A4-0D6DD70881FE,2024-08-08T02:43:42.072763,,cellular,0
06FE39ED-51D6-423D-8737-31D92F4C0FE0,2024-08-08T14:22:01.064661,,cellular,0
ED2876A2-13B3-4C7D-BB2A-E4FE574DDE0E,2024-08-08T14:24:48.079449,,cellular,0
1DA32729-274F-45B2-8CE9-34FEA1F7E952,2024-08-08T14:51:19.077419,,cellular,0
B6FAFE5C-BA05-4140-AE90-83F21EDA2BD2,2024-08-08T15:01:06.746161,,cellular,0
A885E830-DD98-45DB-81B7-1F503680505B,2024-08-08T15:34:44.067701,,cellular,0
57732EA3-19F1-47BA-94CA-797677368D16,2024-08-08T15:34:56.070671,,cellular,0
DF2BB90F-0DAE-4A9A-855E-DBB428B2F9CD,2024-08-08T15:45:13.067882,,cellular,0
EF2A0AA7-E71D-424A-B1E8-8E2152E1ACCC,2024-08-08T16:09:32.069257,,cellular,0
E3A908FE-DA79-41FE-82FA-ADEB06F3E2AB,2024-08-08T16:30:48.062740,,cellular,0
27BD8F45-3905-4D26-BE95-5E967BFCC1E2,2024-08-08T16:54:51.091939,,cellular,0
30DA402A-25F6-438C-BF6E-186405F7B23F,2024-08-08T17:06:32.109228,,cellular,0
7305804D-E1FE-40F8-A5F3-EE04CE21746D,2024-08-08T17:16:02.545929,,cellular,0
FD950CF0-ADB2-494F-BBA9-C83CF6038276,2024-08-08T18:17:32.056372,,cellular,0
5D1F0EF6-CA3D-4135-BC72-514767DD85F2,2024-08-08T18:35:40.065996,,cellular,0
D5AC0D9E-979E-48F0-9CDD-F280167C2E82,2024-08-08T22:02:06.144925,,cellular,0
9398CAF0-8DEF-49F2-9991-9CCABF898931,2024-08-08T22:30:42.068477,,cellular,0
09773DBF-0D21-4915-A164-5372AD757880,2024-08-08T23:04:04.149434,,cellular,0
7FF2A05F-21AB-4E3D-98FF-4E91758F5D95,2024-08-08T23:05:17.042404,,cellular,0
5CD554B0-7259-4522-9072-12A52425F556,2024-08-08T23:41:51.059759,,cellular,0
5F27E840-30DA-48A2-9DC8-D3D2E856A8F6,2024-08-09T01:06:47.057385,,cellular,0
DE20162A-3235-4D7D-8D87-09E14B843767,2024-08-09T13:22:52.052178,,cellular,0
1BF8C85B-F5F4-4CF7-94DE-658987A1B99F,2024-08-09T13:23:17.051869,,cellular,0
B70250CF-8639-4BEF-BF24-3562B5AAE3D8,2024-08-09T14:05:22.071178,,cellular,0
F4A7D6FE-AA98-4A45-9B95-FD0371E84B00,2024-08-09T14:05:43.077124,,cellular,0
A22BBD06-A612-4840-B3C1-1339394794B7,2024-08-09T14:50:16.077904,,cellular,0
28E23061-DB88-45B2-B868-2F927E3521AE,2024-08-09T17:41:04.786125,,cellular,0
52CCD0E4-F741-487E-800D-BDE8365A6D34,2024-08-09T18:04:49.073194,,cellular,0
D603B1D0-4326-4156-AC8B-2439C6891D37,2024-08-09T18:16:53.078895,,cellular,0
BB730A1E-9E41-4AB0-9A3D-9267249CBFCF,2024-08-09T18:23:46.075642,,cellular,0
13CF54D0-1836-45DA-B9BF-F69794DABFCC,2024-08-09T18:24:05.070586,,cellular,0
CD0E88EA-42E4-47ED-A8E0-B88C38FEEB09,2024-08-09T18:25:40.064507,,cellular,0
DBA87BBE-F694-40BD-9F5E-019B5ACAC3C0,2024-08-09T18:31:41.936349,,facetime,0
B594CCE7-2CF0-43DB-91F6-D667634B2A85,2024-08-09T18:56:08.844862,,cellular,0
7535131E-DC95-41F6-8636-B37525978E67,2024-08-09T19:00:03.063165,,cellular,0
B306C707-CB71-4956-BB6A-30C25A956504,2024-08-09T19:30:29.064214,,cellular,0
E16EC662-9373-43A3-B1E3-E4F95D93B975,2024-08-09T22:36:41.064640,,cellular,0
CBE56747-6978-44F9-BF31-D1011A0511D4,2024-08-09T22:39:01.060485,,cellular,0
18449BEF-4CD1-4DE9-89B2-94759A43F8C4,2024-08-09T23:34:58.071291,,cellular,0
83692C4D-2768-4057-A054-DB7AC1944574,2024-08-10T14:38:50.090722,,cellular,0
4E097639-F4B4-4AD3-B101-56F137CEC4F0,2024-08-10T14:39:29.063037,,cellular,0
3E07B7E6-DCCB-43A9-B8DA-46DA5226D070,2024-08-10T14:48:16.063160,,cellular,0
0FCE94BB-310A-434B-AE6D-19483A2A497A,2024-08-10T15:46:05.061782,,cellular,0
943DDB1C-D475-479C-8578-50AD2D532397,2024-08-10T16:45:17.054840,,cellular,0
F09E1D13-63E9-418A-B66E-3A0CF714A4C3,2024-08-10T16:55:04.072338,,cellular,0
65A1C43B-E4F7-4C32-B643-5C888EE44AA7,2024-08-10T17:23:47.814262,,cellular,0
0557AC27-B459-4AB0-89F8-3CF2A191BF98,2024-08-10T19:00:15.040106,,cellular,0
5F5B0F8E-CD7B-47CF-A086-A12454BB6DA5,2024-08-10T20:47:19.062605,,cellular,0
0EDC55DA-4C0E-49E6-A893-AC19AF8F9367,2024-08-10T20:50:07.071503,,cellular,0
348B9385-E882-4749-BFFE-DFFA7C620832,2024-08-10T20:54:42.070972,,cellular,0
4C0AF7A0-E7A3-402C-B9FB-2C309566C396,2024-08-10T21:07:44.066212,,cellular,0
2A386BA4-3E0C-4C66-AA73-0B10A3B3A268,2024-08-10T21:13:33.062280,,cellular,0
561C6759-F3F9-43C4-A9AA-BDE29DA6E777,2024-08-10T22:08:06.216668,,cellular,0
3DDE2B61-2814-4543-B289-8E0AD68C0C72,2024-08-10T22:26:04.061658,,cellular,0
412BB4D1-5C42-4500-9BC7-9AED4D634361,2024-08-10T22:27:04.055857,,cellular,0
891E7725-0292-4774-855C-B47CF651BBDE,2024-08-11T15:21:38.059166,,cellular,0
55709244-E511-46B8-9BFD-F50DA64FF3F8,2024-08-11T16:52:07.088198,,cellular,0
A2121BC3-5C6D-4949-9CDA-847598595BB3,2024-08-11T17:37:08.062633,,cellular,0
0E74B006-611C-4C87-BAFE-8E74F38705A9,2024-08-11T18:03:19.064207,,cellular,0
5F1EE9F0-038A-4739-ACA4-B0C30071C5AD,2024-08-11T20:49:58.064716,,cellular,0
E195EF48-D583-45EF-87CB-2DA5C245BD73,2024-08-11T20:52:00.071160,,cellular,0
43B106A6-EE2F-4320-99D3-D3FD184A5C7D,2024-08-11T23:59:43.068953,,cellular,0
6C28BE0A-8AB1-406F-A619-C973C33E2D92,2024-08-12T00:06:34.317685,,cellular,0
C30C1ED0-09F7-457E-92D1-65F5BDE6C2A8,2024-08-12T00:10:29.584418,,cellular,0
95F0D076-F116-4BAF-9438-6FA3A90A242A,2024-08-12T00:10:37.078443,,cellular,0
E81F2183-EA51-407B-ADE7-B942EC6C4F60,2024-08-12T13:40:19.084087,,cellular,0
8E0F767E-1748-4ECA-87A4-7B191B1DFA73,2024-08-12T14:04:19.065241,,cellular,0
96FABEC9-BDCC-42D3-8BBD-64AB27556B99,2024-08-12T14:13:07.078457,,cellular,0
F9CB3BC8-8E63-4C4A-A8C3-ACDB068CE45D,2024-08-12T14:14:40.067150,,cellular,0
E5C83C14-91AE-4808-A6B7-2CBA6A331FCA,2024-08-12T14:16:09.064931,,cellular,0
1671A6B1-E83B-4F60-9230-7F0D25CF107F,2024-08-12T14:18:40.082675,,cellular,0
C0963B0F-32B6-47D6-86BE-252B69ADB533,2024-08-12T14:24:56.083064,,cellular,0
D284DECB-6F85-4F57-838B-EDF9E4D1DD3A,2024-08-12T14:25:02.435672,,cellular,0
CECB0293-1083-4A75-AD91-771F58F0DDBE,2024-08-12T14:26:55.082878,,cellular,0
0E71CFFA-C9EE-4BCC-B43F-36EBCBEE9D18,2024-08-12T14:56:38.057720,,cellular,0
8CD444AE-D7D9-406A-A205-C0A4C5E64F2A,2024-08-12T15:30:06.071845,,cellular,0
1F8E7648-780A-4089-9709-F0AF89693EB5,2024-08-12T15:32:52.072932,,cellular,0
FBD7C616-DD56-42A9-BBF3-24E6E86746DC,2024-08-12T15:33:14.052747,,cellular,0
07CF8092-7421-4C3B-8A9A-34EB2BBAA002,2024-08-12T15:35:52.125988,,cellular,0
7BCBA2AF-9D80-4937-94B5-834127E4669B,2024-08-12T15:47:30.162318,,cellular,0
19BDF292-3A27-448E-9856-3FB1DDB0CB38,2024-08-12T16:07:14.082434,,cellular,0
97EC9F01-0B65-4C13-80BD-06E14298A076,2024-08-12T16:29:00.069998,,cellular,0
2BD570EF-DBF6-42D2-907C-91887A5ED253,2024-08-12T16:35:50.067773,,cellular,0
B122B83B-84AF-4A1E-AB4B-614093442291,2024-08-12T16:45:45.070982,,cellular,0
FB5E11CB-B06C-4E60-B1DD-4CF06C0F2C70,2024-08-12T16:47:48.076714,,cellular,0
A123AC1B-11DE-4998-A40B-393FDDE22327,2024-08-12T17:17:48.065533,,cellular,0
3ED174DD-4CB1-42FC-ADDE-A0647D28ABC3,2024-08-12T17:52:03.065596,,cellular,0
71AF6D41-B43B-43D6-B88B-03E182A2FFAD,2024-08-12T17:54:21.079439,,cellular,0
919101EE-C42F-4BA4-AA58-A197CC6EDF60,2024-08-12T18:17:14.063093,,cellular,0
79E332C3-3474-458D-97C5-9938C2405C66,2024-08-12T19:02:54.078466,,cellular,0
632489B8-9A89-4928-9C6E-84E19D16A1DD,2024-08-12T19:16:07.071224,,cellular,0
2B77127F-531F-4189-AD79-A678C2C31F7A,2024-08-12T20:25:52.077584,,cellular,0
5E3E1219-F07A-43EA-9811-93388F5F625D,2024-08-12T20:27:13.423410,,cellular,0
414B6EF3-0570-4533-80DB-D7C886EAA076,2024-08-12T20:27:26.110160,,cellular,0
9B536FE4-3683-4A95-A34F-9E273C677DD7,2024-08-12T20:30:38.067466,,cellular,0
AABE9C51-01A3-482E-9226-7554C3F1CA4D,2024-08-12T20:47:31.472349,,cellular,0
B6E35C7E-9E0E-49D1-88C8-E68598063B45,2024-08-12T20:51:46.044930,,cellular,0
A3FC08B5-A701-43FD-80A6-888A3C1DA8CB,2024-08-12T21:33:50.066372,,cellular,0
E62B9D7B-6F63-4E27-9FE2-19F157756068,2024-08-12T22:24:53.059539,,cellular,0
3FDD9CCB-04E3-4EDF-A6E7-BD13B7570B6B,2024-08-12T23:02:08.123482,,cellular,0
4E9BADE8-1AA5-4A27-BF98-D3BFFF679D89,2024-08-13T05:35:40.069321,,cellular,0
6D870B7E-4AD7-42A7-9429-158DB3D050E6,2024-08-13T05:36:46.674823,,cellular,0
71A0DF6E-3145-40B5-99C4-E7A0AB323AE1,2024-08-13T05:38:36.074804,,cellular,0
4BF9490A-5E93-461A-8880-A7C667841F35,2024-08-13T09:41:20.045877,,cellular,0
44D84C03-BE03-43D2-BBD6-FCAE47DED272,2024-08-13T11:49:41.056739,,cellular,0
34EE13F0-BB5F-4CB0-B25E-88D6DFE0D663,2024-08-13T14:47:58.069987,,cellular,0
FA19B716-0BB7-4C87-B218-B9F885497CAB,2024-08-13T14:48:38.073350,,cellular,0
509A940F-32A8-415D-B5ED-D518AB94E10B,2024-08-13T14:49:16.045688,,cellular,0
68E03B11-92B7-47F5-AB61-715240E1142C,2024-08-13T14:52:45.064649,,cellular,0
27740B96-77D6-45C2-B98F-CF46EAFE1479,2024-08-13T15:04:04.079744,,cellular,0
F679C329-27F7-433F-97E3-B9D916875FBA,2024-08-13T15:13:46.072643,,cellular,0
CC79857E-3BFE-4266-B0E5-AB175E5ECBEA,2024-08-13T15:16:15.093301,,cellular,0
68265E3C-E744-4937-A8D9-618E801B318F,2024-08-13T15:42:31.071619,,cellular,0
FB911F7D-E445-4678-9C1C-6885297F8902,2024-08-13T16:28:31.066911,,cellular,0
552E3E01-832E-4C6B-8B0F-7E866D79CED8,2024-08-13T17:46:18.069153,,cellular,0
5E0022A5-6614-473C-9B0D-B90095C33494,2024-08-13T18:51:39.086118,,cellular,0
EBB98CDC-3D4A-4512-A200-9C68D5E411AD,2024-08-13T18:56:17.064071,,cellular,0
ABC93E1A-C6F3-46F2-9DC0-9909D2C4FE45,2024-08-13T19:02:39.078394,,cellular,0
A64B7C73-841C-46A6-A53F-C1BB7276B05A,2024-08-13T20:30:43.632990,,cellular,0
2070F694-B7D1-4F0F-A88E-7F28C99219C7,2024-08-13T20:46:21.894339,,facetime,0
59424B40-C021-4A7E-AD79-EC2AD89993B8,2024-08-13T20:53:22.072872,,cellular,0
F15DD396-46A1-4728-B10D-C47506F00079,2024-08-13T21:36:36.071565,,cellular,0
638F2CD3-3782-455C-A5D3-8C0C0DD8C884,2024-08-13T21:38:52.086811,,cellular,0
68F44496-B049-405D-B704-76E41854EFE2,2024-08-13T22:59:11.067283,,cellular,0
3ED83DB1-558F-4578-90CF-8AF0B7F0C76D,2024-08-13T23:18:12.074787,,cellular,0
3ED4728A-EB01-4C3A-8BD2-23CC85B3703B,2024-08-13T23:20:49.071240,,cellular,0
6317AA9C-8D20-46AC-81EA-A16D4DA0FE36,2024-08-14T13:39:33.077762,,cellular,0
F299F998-2917-4AFA-B20E-DF32F0BE0907,2024-08-14T13:46:37.048314,,cellular,0
836EC470-89AD-402B-8FB2-834DBC07FB7F,2024-08-14T14:06:05.196248,,cellular,0
B98118D9-CD00-499A-8442-BC9BB3A4F4E9,2024-08-14T14:46:22.097165,,cellular,0
027B36B2-4445-4520-8F94-7C05633B9D37,2024-08-14T15:21:03.060581,,cellular,0
D0B3D22D-81F5-4EE1-8E3C-DF18038ACF4E,2024-08-14T15:21:45.068276,,cellular,0
F49A4CD4-C5DA-4E8E-9278-C282793AACD9,2024-08-14T15:52:11.080795,,cellular,0
C66EA5D8-4F7C-403F-8FDD-BD3CFD0F1A95,2024-08-14T15:53:16.066461,,cellular,0
E223F1A9-68F6-406C-8E5F-AA3FD6E27E54,2024-08-14T16:16:22.080297,,cellular,0
676E5C05-8050-4BC1-99BB-1C527158383D,2024-08-14T16:36:50.065947,,cellular,0
4DAF0C6F-6ABC-45B1-AD20-36895D804958,2024-08-14T16:52:36.259423,,cellular,0
9FFD20F5-8164-4C8E-AD06-00A3D3C2E901,2024-08-14T16:53:16.075288,,cellular,0
1DEA6613-8535-45B4-800F-3B9086A55ECA,2024-08-14T16:59:29.333717,,cellular,0
ACA0BCC3-708D-4D75-BB3B-0834E1B99197,2024-08-14T17:01:44.377155,,cellular,0
2C4DF10C-F524-4F3C-81DE-9A314661148F,2024-08-14T17:18:47.078635,,cellular,0
708D60A4-6CE2-4951-AC7D-BC0A95C5A039,2024-08-14T17:24:12.049284,,cellular,0
4B6E03D0-C9F0-4CE2-94FE-C1E64C1891A7,2024-08-14T17:25:39.045810,,cellular,0
CD18B478-EDFB-4798-A40C-52E855F7FF5B,2024-08-14T17:32:54.567324,,cellular,0
64AC2F8D-2D65-4B0D-87B0-E3699C928256,2024-08-14T17:35:25.063053,,cellular,0
BEEE584A-CA7D-4721-AB2D-9F6CCBBFA92B,2024-08-14T17:52:20.059700,,cellular,0
DC07591C-1B2F-4E8F-8DE9-260166A98E91,2024-08-14T17:56:01.067792,,cellular,0
F5DFD600-B86B-4745-B119-A489D269CE9F,2024-08-14T18:01:25.066108,,cellular,0
E803A505-3271-40BC-BD1B-AD00D36BB5D7,2024-08-14T18:03:59.063919,,cellular,0
83CBD90A-25B6-4666-B346-AE827B5DCC7D,2024-08-14T18:59:02.067432,,cellular,0
2A39C024-F580-410C-A460-687D9AB9ECAB,2024-08-14T21:54:25.067856,,cellular,0
E5040BCD-F66A-4167-92F1-6C4964966060,2024-08-14T21:56:36.067499,,cellular,0
954627AA-5F79-4FE5-9E81-5CA70984DAF1,2024-08-14T22:19:54.074850,,cellular,0
ABF2D95C-24EC-4B73-B271-07D7660C7CAD,2024-08-14T22:25:14.073921,,cellular,0
C7F0D9A9-E9B9-47FF-B56E-4822228273A9,2024-08-15T00:42:02.100575,,cellular,0
A15DE33C-C22F-4F85-9FC6-15CE91AB23A3,2024-08-15T00:58:53.053236,,cellular,0
4AFD6243-85D7-4B76-B713-80F38E2FEBC7,2024-08-15T02:38:17.068269,,cellular,0
98BA4513-1925-44E2-AD77-648140F6978C,2024-08-15T02:44:28.047162,,cellular,0
106F23B6-A661-4616-A1C0-B521D6632DE0,2024-08-15T09:32:13.057636,,cellular,0
0EAF5D19-0EF1-4008-836F-B208384ECAA3,2024-08-15T12:33:03.050314,,cellular,0
CF85F1BF-6193-4894-84D1-17410D2F1554,2024-08-15T13:55:20.065434,,cellular,0
31F43057-F989-46CF-9AD7-40F31DCA23D8,2024-08-15T14:09:38.054315,,cellular,0
A56F3ECB-D80B-497A-828A-033E8B6D42E3,2024-08-15T14:43:42.065408,,cellular,0
83B39F89-7D65-417A-95A5-7110A0AF9975,2024-08-15T15:00:15.055948,,cellular,0
3FB4B43E-07F7-4360-9B38-040EBD8BCB10,2024-08-15T15:05:40.057437,,cellular,0
9D16BB8E-BDF7-4D7F-89DD-B96BDF505FE2,2024-08-15T15:34:48.084673,,cellular,0
642BC74D-4AF8-464D-8236-9DA7D60D96CF,2024-08-15T15:39:49.078117,,cellular,0
B04F5377-EB1C-4F57-8DBC-D3B9270587B5,2024-08-15T16:15:02.105729,,cellular,0
7DAE2F3E-8E7B-41EF-9619-43EAF2E27634,2024-08-15T16:26:48.078050,,cellular,0
D481B40F-8537-46FD-93CC-BD07EE8AB83C,2024-08-15T17:18:59.079881,,cellular,0
9FFADDBB-8C61-4EBC-A837-546A422731E5,2024-08-15T18:05:00.227239,,cellular,0
E8573D5B-5AB4-47A3-AAEA-31AB1CE1439A,2024-08-15T18:11:04.058591,,cellular,0
13171C2D-2B56-4344-9653-88E25974C21A,2024-08-15T19:10:35.089954,,cellular,0
5B11BE52-E225-4CC7-B784-8D229C634DFC,2024-08-15T19:11:00.049842,,cellular,0
17B0A09E-859B-4E6F-9756-E46FBA84F8BB,2024-08-15T21:34:57.054598,,cellular,0
420BB057-6D63-4D16-BC00-5E15D54EBC5F,2024-08-15T23:05:42.057882,,cellular,0
401AD337-9B3B-4E8D-8105-9C2B2ADE83D9,2024-08-16T12:30:44.051476,,cellular,0
3DBC1F84-14AD-4F47-88A0-980DE673491A,2024-08-16T13:05:50.085323,,cellular,0
A466D12D-77CB-4280-9B7A-C8C6EEF002F8,2024-08-16T13:10:09.064705,,cellular,0
F5111802-E590-4674-9C7A-0B89AC089B82,2024-08-16T13:27:40.068085,,cellular,0
68D7EDB5-D6ED-4F83-BD37-FD40EEDC3D3B,2024-08-16T13:33:00.062390,,cellular,0
AD776582-AB3E-4B8C-88C2-EDCB102268D7,2024-08-16T13:40:19.069617,,cellular,0
C0301BB2-1156-45C5-887F-A94650A56240,2024-08-16T14:20:38.056658,,cellular,0
B0C518CC-2535-4F8A-B7EB-271536C3ED27,2024-08-16T14:24:28.074868,,cellular,0
26BE7FE4-7BFF-4620-B0E9-117A8F031C53,2024-08-16T14:46:37.070652,,cellular,0
8A283B02-F851-4665-B43F-E73D352C9867,2024-08-16T14:58:24.066047,,cellular,0
02AED20C-C9A7-4FFC-A020-F4FC82DF1C85,2024-08-16T17:19:50.083743,,cellular,0
CB12812C-FAB3-4EBB-B7E2-DEBCC3C1A426,2024-08-16T17:53:42.054054,,cellular,0
70B69CAD-814F-46D8-848B-E96A71E3B368,2024-08-16T17:54:58.062061,,cellular,0
20DB6F59-3AF6-4674-B661-C12CA97C6A45,2024-08-16T18:27:27.065783,,cellular,0
8472B9C7-2D67-4AA0-A69A-02172867536F,2024-08-16T18:56:51.052067,,cellular,0
0EC55CD2-90A3-4BFA-81B9-26D04BF5FCE4,2024-08-16T19:18:52.053712,,cellular,0
074D7346-5DB4-4B79-B70A-C1390D7FBE1C,2024-08-16T19:20:06.504987,,cellular,0
212915FF-26A0-4D67-9DB2-5EA0D1BD026B,2024-08-16T19:20:45.055480,,cellular,0
F0EA32B9-2FAF-45DD-BC5E-E5F79E7F8B4F,2024-08-16T19:33:49.366328,,cellular,0
BC56DA4D-87A2-446C-A83B-01F1BE692A93,2024-08-16T20:05:19.062262,,cellular,0
5956D82D-6201-42BF-8D30-63D684AA8B92,2024-08-16T20:05:42.069767,,cellular,0
80A01B30-3890-4391-A9F0-B0781F31CE4F,2024-08-16T20:14:27.049328,,cellular,0
33CD7C88-63F3-40D7-A697-2CDC443B7732,2024-08-16T20:15:50.045029,,cellular,0
45E45E7E-313B-4264-9CF3-8DD65E9DA5A9,2024-08-16T20:19:39.053973,,cellular,0
4775BBFC-13F4-4407-AE16-A45EF0BAB136,2024-08-16T21:24:48.050741,,cellular,0
4094BD28-E389-4C34-ACDB-99605E4C48FD,2024-08-16T21:53:46.047404,,cellular,0
456FF3BC-4B1B-475B-B027-31F258C237E0,2024-08-16T22:18:40.066233,,cellular,0
D76674A5-FA3C-4D53-A342-5593FA89E906,2024-08-16T22:22:30.070524,,cellular,0
DA31AAFC-B123-451B-8FCD-2E14E775EF2B,2024-08-17T01:56:23.083779,,cellular,0
2B890C75-C3DD-4EFB-8E7B-99671B491EC0,2024-08-17T01:58:39.047777,,cellular,0
6B827A91-B74F-4870-B3DA-F29875D1AC2C,2024-08-17T02:00:31.246622,,cellular,0
279D9268-29D4-4EF6-B269-5AA59CA73EB0,2024-08-17T02:00:45.072539,,cellular,0
B0799765-FB4C-46D7-AF67-4ABF2E853F05,2024-08-17T15:06:42.061826,,cellular,0
75511DE1-13DB-487F-860A-805D0D475B10,2024-08-17T15:14:56.039970,,cellular,0
7AA67922-CEFD-44E7-80D7-276EE3FB67FA,2024-08-17T17:03:24.058875,,cellular,0
93454CBC-74B5-4B16-A6BC-3D8909694049,2024-08-17T17:31:50.062443,,cellular,0
C1A4309E-D921-4DD5-BAB2-B8FB4EED5F0A,2024-08-17T17:40:33.073541,,cellular,0
7F4EB5BF-3ED9-4EBA-A463-9450DC38D96A,2024-08-17T19:33:23.048601,,cellular,0
1E169C31-47B2-4DAF-81D3-9DB66A096F70,2024-08-17T19:45:29.069962,,cellular,0
CA991EA7-8791-4A4F-BA07-64B1B9F5F7A9,2024-08-17T20:26:25.891418,,cellular,0
8DBED491-0014-46D0-8200-51B2BF0707FE,2024-08-17T20:26:59.056578,,cellular,0
DCBBE844-D92E-41D1-BE16-AB15F067AFE5,2024-08-17T20:29:02.070949,,cellular,0
2F7311D3-4BE7-4D6B-8EB0-8EC374348D68,2024-08-17T20:59:19.066901,,cellular,0
756CEC5A-D4B8-4044-BE7D-41934A485142,2024-08-17T20:59:30.064106,,cellular,0
79F28E31-EBC7-40D3-A443-3C24191D954F,2024-08-18T00:26:12.093937,,cellular,0
FA2E19A0-CCCB-475D-8046-B8D04ADA39F5,2024-08-18T01:39:25.095439,,cellular,0
74FABCF6-EE52-4B42-A894-4F3935C1511E,2024-08-18T16:10:00.055533,,cellular,0
D0621232-EF4D-4D95-B11B-DC80884CB654,2024-08-18T16:13:45.070763,,cellular,0
AECBC989-2D8A-4876-A1BE-69EC64CC0C63,2024-08-18T16:26:23.080113,,cellular,0
2C4CED4B-5DB2-48DF-A549-5CD5EB70FD01,2024-08-18T18:11:28.076045,,cellular,0
7ABC404A-C86B-40F9-BC9C-24A5A70BE18C,2024-08-18T18:14:49.597952,,cellular,0
5374C308-D911-4E7F-852F-7FC184703F28,2024-08-18T18:14:51.420227,,cellular,0
1318DCE8-8631-4204-BC70-FFFCBFD84D8A,2024-08-18T18:15:28.679081,,cellular,0
2C813277-9DF4-4530-961F-9A37AF5B2B9F,2024-08-18T21:17:06.354792,,cellular,0
57316B0D-9DCD-411A-8281-248B86EEA7BB,2024-08-18T21:59:21.032754,,cellular,0
B7846EAE-5F7E-4E2E-BEAB-55B54174C213,2024-08-19T01:20:17.044147,,cellular,0
2B837BA1-8D22-41BF-9B0D-EAB07025CA2F,2024-08-19T01:27:33.051382,,cellular,0
51FB6764-56FC-47CE-A929-AB9AFF9D33CC,2024-08-19T07:51:19.113800,,cellular,0
6C402274-E668-489E-841C-AB531E4E7646,2024-08-19T07:56:09.585148,,facetime,0
AF0EE708-F777-4D46-8184-C394027FFB35,2024-08-19T10:22:27.037836,,cellular,0
C3BA42C4-981A-4933-82DA-7105A2836468,2024-08-19T10:35:29.046258,,cellular,0
AD86253C-DEEC-4E9F-9C72-D44370129009,2024-08-19T13:30:15.047463,,cellular,0
FD884439-3FEA-47A6-B1C4-1BB06B06C58D,2024-08-19T14:51:25.062623,,cellular,0
E9D74EE4-BC4E-4246-980C-44739693624F,2024-08-19T15:51:12.047529,,cellular,0
20C1D78A-1344-4B47-86E1-4E3788A63654,2024-08-19T16:03:12.075235,,cellular,0
B340F3D1-CA01-4823-9E02-7853DA1E7B1D,2024-08-19T16:15:44.054734,,cellular,0
2E7231C8-C01F-45F5-B520-EF82C06779F7,2024-08-19T16:16:43.064376,,cellular,0
1E71A6CB-B5B0-4C99-A62F-36337AB33D94,2024-08-19T16:49:36.054829,,cellular,0
3CD86D25-2B64-43BF-A9E1-A147B3AE2B17,2024-08-19T16:49:45.055323,,cellular,0
BB84E101-C54A-4D65-94F0-8548BAFB1D52,2024-08-19T16:50:16.059144,,cellular,0
732BC15F-AABF-4F5E-9C8C-58EA6AC0F08C,2024-08-19T16:52:48.054936,,cellular,0
E5C3714B-D98E-424C-9540-7360B4AAD60E,2024-08-19T17:38:05.075857,,cellular,0
CCD8111D-DF54-4423-BF68-0E207148B915,2024-08-19T17:38:39.059665,,cellular,0
1FA4E7A3-9334-41C3-BBCB-A6BBA6DFD8BC,2024-08-19T17:40:02.065602,,cellular,0
9EDDE63D-55E6-4883-AA0C-952F15E65475,2024-08-19T17:54:27.063338,,cellular,0
D2D7F82E-1413-4AF6-9F98-49B88CE44A3C,2024-08-19T18:33:32.493239,,cellular,0
E74086EB-EB3E-499C-B8CC-079E6BD904CD,2024-08-19T18:35:37.059720,,cellular,0
056A1E4B-72E3-43FB-9418-85095C336F28,2024-08-19T18:38:23.556489,,unknown,0
0F7A5F8C-CDB9-4F5A-9E3E-C514D0B49668,2024-08-19T18:38:33.557133,,unknown,0
FAF5CDED-0EEB-4E01-9D3E-8C7BFD4C186C,2024-08-19T18:46:20.725749,,unknown,0
CA8CB205-6E8D-4CE3-AF53-460CD339FAD2,2024-08-19T20:01:52.055130,,cellular,0
B2CE5D48-1E20-42CE-B929-6CFC93286B69,2024-08-19T21:59:31.039238,,cellular,0
166A5DF3-9A26-4E3C-81C5-5D36DC708CB8,2024-08-19T22:41:28.048932,,cellular,0
1FFF6C9C-D392-42D8-854A-11CAE5B09D16,2024-08-19T22:49:57.949178,,facetime,0
71B7C0AF-3EC5-4323-983E-6040DA09F212,2024-08-19T22:51:10.052067,,cellular,0
DB2A0ABE-1541-483D-A2CC-709E08DFF82A,2024-08-19T22:51:40.502104,,facetime,0
9C320928-0B5E-4967-9BF9-7E4911D2B6B3,2024-08-19T22:56:35.048187,,cellular,0
C39D80A0-5043-45C5-9AA6-F1DAFD1AD9C4,2024-08-19T22:57:03.080814,,cellular,0
DBF0014E-B642-46A5-B917-BF13B4283DA8,2024-08-19T23:06:05.041547,,cellular,0
EDF30683-4277-4B84-97CA-9D0AF6AE209B,2024-08-19T23:07:26.055793,,cellular,0
8C516DCB-14C2-455B-8726-8209F724A77D,2024-08-19T23:07:54.057578,,cellular,0
EE6A68EA-962E-4E96-A312-E469AD61163D,2024-08-19T23:08:23.053005,,cellular,0
C046CBA7-A1A4-46F3-BF5D-291CA3DE76E5,2024-08-19T23:09:10.059572,,cellular,0
68C4173F-B3D4-409E-9B2C-5DD5A8721024,2024-08-19T23:10:11.059376,,cellular,0
9080962A-A153-4CCA-AE9D-0C1A276B57E3,2024-08-19T23:10:56.059402,,cellular,0
1A03BC2C-A7D5-4DE6-8880-DB0843AE1F79,2024-08-19T23:12:21.060696,,cellular,0
25451F85-F6A4-4776-9135-993FAA230203,2024-08-19T23:12:49.061394,,cellular,0
E60D8CA4-D432-460B-8E70-813D35A65D35,2024-08-19T23:19:43.056576,,cellular,0
7FE81E34-14BD-4749-85BA-096168F628D9,2024-08-19T23:47:23.051782,,cellular,0
8ACD01D2-2D42-4A0F-AF39-32766FAEE232,2024-08-20T00:05:48.049861,,cellular,0
045BA5CD-4B40-4B0B-9BF2-BA8C48DEFD26,2024-08-20T00:22:52.045077,,cellular,0
C5C936CD-817E-4A68-BC5C-A7844B09A037,2024-08-20T01:31:59.223243,,cellular,0
ECAFF46C-A9E2-4E47-A16F-A450602DDF77,2024-08-20T01:39:18.043336,,cellular,0
AF910A31-7CAD-4EE2-91F8-5B17CCAEBD12,2024-08-20T03:04:21.057964,,cellular,0
805CED3C-31FB-46A2-86CE-71E615005970,2024-08-20T16:32:49.062742,,cellular,0
AF38B485-B13B-49CB-94E9-8A35ECD0203B,2024-08-20T16:33:03.081759,,cellular,0
C389A8F8-C08A-49A3-98AD-38F149084891,2024-08-20T16:48:19.078149,,cellular,0
7CB16233-65C5-44E8-93DA-D9C350A6B0E8,2024-08-20T18:16:13.042861,,cellular,0
0DD16A82-C944-4D3C-A3E1-EA2CB5443365,2024-08-20T19:11:13.069905,,cellular,0
87908B22-D9D1-4644-9EBA-706CB3FE40E9,2024-08-20T21:13:56.073824,,cellular,0
DBD3201D-83E1-40B4-A8F3-BB940F413540,2024-08-20T21:15:37.090644,,cellular,0
0287756E-8B20-4815-AB4A-AC2930614701,2024-08-20T21:17:17.077782,,cellular,0
C98B9E69-0B87-4780-8E22-DFD8A9C9C388,2024-08-20T21:19:34.097140,,cellular,0
E1795BD5-D195-41F7-A8BB-1A61AF19C4D3,2024-08-20T21:21:15.083546,,cellular,0
47386D77-BEF6-4E52-AA07-EB19B0612F3A,2024-08-20T21:23:09.090286,,cellular,0
2F2EA812-CFEF-4504-AED9-7A510F179F92,2024-08-20T21:24:27.182897,,cellular,0
E261E5A2-B4B8-4CED-8B2B-04DC952DB6BE,2024-08-21T01:01:28.045280,,cellular,0
CDED8D72-827D-4BFA-983F-C9394A6209C9,2024-08-21T05:20:32.080485,,cellular,0
485ADD0F-7807-49A9-88A7-A321B469F56E,2024-08-21T13:10:15.049399,,cellular,0
02FBE46F-FF99-4988-9C1D-FA34A101345D,2024-08-21T15:09:45.331341,,cellular,0
4DAE542D-D558-418C-85EE-730640315E2D,2024-08-21T15:32:58.650911,,facetime,0
0F722F93-4921-4813-913F-B12E533E719B,2024-08-21T15:46:32.066372,,cellular,0
E8234E3B-6117-4A1E-A40D-36F54065DEB4,2024-08-21T17:46:23.051833,,cellular,0
4C2BD880-233D-4FB6-8FCE-4CBDBB4DF698,2024-08-21T17:57:52.062681,,cellular,0
F98CDDA4-0B92-4A9A-8256-58D2225C466F,2024-08-21T18:22:59.053145,,cellular,0
22D4EC1D-E7E6-4FFF-B126-A9A1BB35768F,2024-08-21T20:05:51.069528,,cellular,0
78085F2C-AA07-4754-AD0D-0043C39C4CBB,2024-08-21T20:09:08.374998,,cellular,0
FD948C63-F460-48B0-AEBF-32A9F687CB27,2024-08-21T20:31:46.037627,,cellular,0
5B9B2AAE-A93A-41EB-9742-AC816F298353,2024-08-21T20:51:14.675626,,cellular,0
5F35E060-D9CF-4350-8D50-9B9ADF7275DE,2024-08-21T21:12:02.067724,,cellular,0
46C2EC8F-51DA-41FD-B258-5960B64B355E,2024-08-21T22:07:53.063920,,cellular,0
F4D1C241-FA28-4038-A644-4A8063A95AD7,2024-08-22T02:00:23.054069,,cellular,0
71666003-75DD-4D09-B166-43F25C9A92FD,2024-08-22T14:00:45.055650,,cellular,0
254D4ED7-44C0-4AE1-B7AD-75970C79CE6F,2024-08-22T15:41:24.059092,,cellular,0
13D0C690-2248-4BE9-8848-4F19F6CC3D75,2024-08-22T16:04:04.066546,,cellular,0
405714DB-3793-45ED-B34B-C7DD12BF88AE,2024-08-22T16:48:10.063359,,cellular,0
828E72C7-232C-4C80-93ED-F5AD1A7B01A4,2024-08-22T18:42:06.048060,,cellular,0
E2339DEF-8A2E-4ED8-8CFC-B04DB5513E92,2024-08-22T20:03:42.085444,,cellular,0
F1A7011E-398E-47C4-9742-931598268025,2024-08-22T20:19:39.060851,,cellular,0
2A40BB37-3A69-436C-B1EE-C0F31333F167,2024-08-22T20:32:05.059699,,cellular,0
6FE1AA90-EF12-4896-9370-E33DCE07C291,2024-08-22T21:05:36.048353,,cellular,0
4216D21E-709E-4D94-84FC-F1A0004AB04A,2024-08-22T21:33:53.074802,,cellular,0
595BBA02-0567-4950-AA47-7C76A75B092E,2024-08-22T21:48:49.058006,,cellular,0
A3ED91FE-F3D5-42FD-8122-11BEE13CD33F,2024-08-22T22:30:22.046348,,cellular,0
5CB9EE2E-F7F8-48A6-825A-02E75BDD5C40,2024-08-22T22:38:11.051781,,cellular,0
EF9353C5-C2DB-4467-ACF1-B433DB7C6E07,2024-08-22T22:42:55.037532,,cellular,0
D57646E2-6661-4010-A832-F9FD8C1AEF80,2024-08-23T00:50:57.051499,,cellular,0
FC0F60E3-FFD5-4EE9-95E8-6E38C613AEC4,2024-08-23T00:57:41.073770,,cellular,0
E10EAB24-873A-44ED-98B1-9B3BAF4AD28E,2024-08-23T01:23:01.314185,,cellular,0
062D56C1-F50D-4C85-A449-875C2FC16D70,2024-08-23T01:24:53.040736,,cellular,0
3AB6FB5F-7625-4638-B7A6-16875E410E6C,2024-08-23T04:34:48.059303,,cellular,0
7065D043-C2B4-45E8-892B-71DF83AE19C2,2024-08-23T08:39:05.037095,,cellular,0
2C133536-6161-4F16-B307-7B8D80BF77EE,2024-08-23T14:09:02.075004,,cellular,0
19650A02-3539-45A0-BA50-4F3D70057BD9,2024-08-23T14:17:43.050093,,cellular,0
A8B34666-031C-42BB-8604-8FEB77A091E6,2024-08-23T14:18:07.486887,,cellular,0
C44C69A0-3132-4E3D-B95D-421DDB924AC0,2024-08-23T14:23:04.048391,,cellular,0
5061EFDE-AF4B-404E-9095-036B66599D2C,2024-08-23T14:39:41.051142,,cellular,0
5E7E5E53-4E8E-4C7A-9189-9621F8730FCF,2024-08-23T14:49:44.057450,,cellular,0
9B8CD85E-7419-4715-AE64-BBAE3BCC4B06,2024-08-23T15:12:10.052383,,cellular,0
3A93E701-EA57-4437-A1E8-5B27048EBC1E,2024-08-23T15:37:19.055382,,cellular,0
CB520967-BC7B-48FC-B5AE-32AA48452AE9,2024-08-23T15:39:30.057133,,cellular,0
96E35B14-FE79-4AE3-AE9B-EF1CA795889A,2024-08-23T15:40:19.070595,,cellular,0
34D9ECD0-A560-43DF-BBA6-DDE61179817D,2024-08-23T15:47:55.052494,,cellular,0
BDF0C91A-8513-4317-9CBE-2B0B1EBD76F0,2024-08-23T15:52:35.047801,,cellular,0
5517D86E-E494-4252-AB05-D708CD20DD4A,2024-08-23T16:20:05.076030,,cellular,0
EA1698F8-B85F-4FE9-9C00-96260D27DC1D,2024-08-23T17:24:19.067348,,cellular,0
9CD9EECA-8785-4519-8A06-4CC8E61FA362,2024-08-23T17:26:03.068523,,cellular,0
F468C35E-7D41-456A-AE3B-E3F5BAABD9D0,2024-08-23T17:34:26.062099,,cellular,0
C61EE99F-5CD7-4855-BBC0-6174076F6A80,2024-08-23T19:02:01.057037,,cellular,0
C3EA1A2B-37A9-4D62-B4DB-16F62A27047E,2024-08-23T19:22:43.053174,,cellular,0
258B0F30-3C00-4CD9-A291-B7F256992282,2024-08-23T19:46:05.067685,,cellular,0
34CF62D4-AF3E-4048-8773-AEC89C45DF83,2024-08-23T20:33:02.809217,,cellular,0
63961E93-C825-4EF7-BB05-4E0340546C83,2024-08-23T20:40:33.075768,,cellular,0
8E0B1FBB-8985-433C-9F72-7C2B6B7ADF34,2024-08-23T22:56:10.061478,,cellular,0
302B3814-43E6-4D35-94FE-4D26C52E8DCC,2024-08-24T02:17:42.064011,,cellular,0
2BBC4D4A-DD4E-4FFE-BECD-ABB73BD35E69,2024-08-24T04:41:07.056088,,cellular,0
68CF7C3E-078B-4039-8EBA-68F0867E55AA,2024-08-24T15:44:01.761992,,cellular,0
068222AF-6A53-44D2-A3CD-CDAEEABE1575,2024-08-24T16:26:06.969224,,cellular,0
DBE0C698-E0D7-4308-8986-41019BEF9313,2024-08-24T16:29:59.073356,,cellular,0
C5812DEB-C032-4E84-BE8D-B97BE9DD5872,2024-08-24T16:44:04.785749,,cellular,0
D4835E1A-2684-4F73-91EE-A414F725608B,2024-08-24T16:44:40.424373,,cellular,0
A0F32FC8-596F-47C9-AB69-9054E7A6B2CA,2024-08-24T16:45:49.249442,,facetime,0
D1EEACB0-5BF1-40CD-B9DA-D61A1542EE53,2024-08-24T16:46:21.887198,,facetime,0
38D73C71-7EFA-480E-B8DE-5FA0269F56BE,2024-08-24T16:47:08.288541,,cellular,0
36412788-AF52-4EB9-A673-DFB8EB370FBF,2024-08-24T16:47:21.532181,,facetime,0
073C5790-E3CC-4412-B5DA-EDF2E4A515A6,2024-08-24T16:57:39.050229,,cellular,0
F4C42110-78A5-4866-8F57-1E108EED6CA5,2024-08-24T16:58:55.002233,,cellular,0
B88F1B27-76A4-422E-B9E4-604DD9BC7B9C,2024-08-24T16:59:12.065156,,cellular,0
86AFEA19-138C-4207-9693-3AA27DB66C72,2024-08-24T17:01:10.070554,,cellular,0
2F187BBF-E5F9-4B66-BFF8-4EE4B26CE31C,2024-08-24T17:29:12.059237,,cellular,0
E74ADDAD-87B4-4D34-8E10-8AD867FA5826,2024-08-24T18:29:01.042649,,cellular,0
FD7274E4-E336-4732-852A-265B5EC0DE26,2024-08-24T18:31:47.658842,,cellular,0
091F1CFD-65E0-45E2-9C61-AA9200A60080,2024-08-24T18:31:51.037415,,cellular,0
1B4BE0C2-B167-4368-AC0E-61AE29A55A6B,2024-08-24T18:33:10.030345,,cellular,0
BBEB8293-1674-40EC-A939-F13A29847399,2024-08-24T19:09:42.037935,,cellular,0
6112F41A-2D75-4B47-ABB9-610E1FA1D9A8,2024-08-24T21:13:33.070865,,cellular,0
F893EA73-C54C-404D-A6BF-6424DAE16DD5,2024-08-25T00:18:15.057272,,cellular,0
750CA081-DFDD-4246-88D7-80CE89603996,2024-08-25T00:43:49.043444,,cellular,0
DC85A2C2-B7AB-431F-8B6D-4B3E198BB234,2024-08-25T01:00:32.048851,,cellular,0
CB288041-AA63-4CBA-B4D2-F59FE8315932,2024-08-25T15:31:37.086634,,cellular,0
A21A958C-B1E1-430A-9DA3-A5CCD6C0CC2B,2024-08-25T20:04:40.394415,,cellular,0
4299EAC6-E58C-45EF-9CF5-04C2F753FFB8,2024-08-25T20:56:56.152354,,cellular,0
C06B28D5-A263-4681-AB1D-B292A5BA22A6,2024-08-25T21:35:51.993503,,cellular,0
B0B939C9-AA38-4C4C-9E43-D2BB02D229B2,2024-08-25T21:36:20.613189,,cellular,0
7A61A2A9-E011-427A-BAE1-D38D4883E565,2024-08-25T21:36:50.969379,,cellular,0
06E58527-BA75-48D5-A33F-D46C64F0E344,2024-08-25T21:38:19.231236,,cellular,0
5D6A996A-D039-403E-9410-24D397CF2EB6,2024-08-25T21:39:16.907575,,cellular,0
55F7D6F7-9272-4064-AE60-EB65339132A6,2024-08-25T21:50:57.740259,,cellular,0
36E13EA1-FE9C-4E21-93E4-EAAC1CE31504,2024-08-25T22:23:15.037637,,cellular,0
1214B248-CBBB-45CE-B8DB-6E80C71D59C2,2024-08-25T22:35:09.039326,,cellular,0
B669A510-8F43-4BBA-8444-EBEC39CB3C2F,2024-08-25T22:35:32.036006,,cellular,0
F0A68DA6-6D08-4143-8047-B15F73B5270B,2024-08-25T22:53:04.053820,,cellular,0
84492E7F-DE80-4A9D-A50E-DC2ED5E1CC89,2024-08-25T22:59:02.042220,,cellular,0
EB42DFB1-3B05-46B8-BBE2-65AE4AF78B12,2024-08-25T22:59:15.039726,,cellular,0
3340FA7D-0394-4870-BB0D-BE5AA1C7EEE0,2024-08-25T23:46:00.040085,,cellular,0
513920A4-5CF5-400B-AD5C-7670778B7F4E,2024-08-26T01:04:41.046228,,cellular,0
21A5C181-C556-48C8-96C4-4BF4FCC2DAFD,2024-08-26T01:05:04.048856,,cellular,0
9776B4A5-750A-43B9-ADD1-A0D4C18BD737,2024-08-26T01:05:40.055084,,cellular,0
D99FE67D-076D-42A7-98A3-3EC17FE77CB3,2024-08-26T01:06:20.047933,,cellular,0
A82ECAE2-195E-4DAB-88C6-CE443D993ED4,2024-08-26T01:06:46.041891,,cellular,0
87583471-804A-4D59-8F34-5BCD739C9ACF,2024-08-26T01:08:37.385462,,cellular,0
56DDAFDE-15E5-4AB0-9FEC-4BDDDA449218,2024-08-26T01:15:16.061213,,cellular,0
9FF21D15-67A3-4BF6-8771-3C1D6C227A71,2024-08-26T01:59:20.823130,,cellular,0
CF9A42CD-CDED-4879-A977-9D06169A28E1,2024-08-26T01:59:50.049965,,cellular,0
712A6767-49D4-4FBD-AB08-09D3D63EF47E,2024-08-26T02:00:11.048729,,cellular,0
1D9542BF-60CA-4844-A929-91CA48B3C3E3,2024-08-26T13:46:23.026041,,cellular,0
EDD2171C-82EB-4B6A-89FA-2B3633048A5E,2024-08-26T14:53:02.052442,,cellular,0
A411116B-B3F1-4BB1-94D1-0EBA0F07F3BD,2024-08-26T14:58:53.041391,,cellular,0
67A22E5A-4914-45FD-8170-92CB35DDF1B5,2024-08-26T15:15:40.044097,,cellular,0
26512D6B-8954-43A3-A19B-55F7BBB8BA66,2024-08-26T17:53:00.122139,,cellular,0
537BC383-A57A-4A0B-B52C-D565621389EF,2024-08-26T18:18:13.029833,,cellular,0
5620066B-6E0D-4E21-A08E-A2B500801E83,2024-08-26T19:40:50.040423,,cellular,0
78F75E5B-E61D-401A-B228-5AD9352002F7,2024-08-26T20:15:53.065866,,cellular,0
DE0D5E86-3AE2-4E98-9642-69E3A3AFD97E,2024-08-26T20:45:19.046577,,cellular,0
298B8E0A-A5DB-427D-9719-9CBAE71E0106,2024-08-26T21:34:10.039493,,cellular,0
3A3D310F-DD08-45F2-994F-FA7FDA400C21,2024-08-26T22:20:37.069387,,cellular,0
487C79C8-6D63-4D4C-A1BB-124902517A32,2024-08-26T22:22:59.046476,,cellular,0
7D56C731-2E52-4CA3-89AB-784D85F91686,2024-08-26T22:24:17.032288,,cellular,0
8EC07B03-2BB2-4781-B68E-237AE7A2780D,2024-08-26T22:36:30.051174,,cellular,0
7CD1726A-7939-48F1-98BE-C3D2A0639E7B,2024-08-26T22:38:14.037037,,cellular,0
CB208B99-3A0E-48B2-9812-333DD9C42597,2024-08-26T22:41:41.052415,,cellular,0
B2CABCAC-3460-42FD-BE02-966F90E8D64B,2024-08-26T22:42:22.051504,,cellular,0
AA57C7E0-4F35-49AC-9416-E1748CE777CC,2024-08-27T09:30:01.042294,,cellular,0
1F637B0E-5FBF-40D7-A713-C9B8F9C7362E,2024-08-27T12:25:42.033813,,cellular,0
52C5B157-A06A-4396-97A8-B7AE232D17D5,2024-08-27T13:06:49.048213,,cellular,0
94516152-9886-4E6A-9760-41B52E2DE2F4,2024-08-27T13:08:09.132369,,cellular,0
92403C69-35F6-488E-BF82-A5856D8CD55B,2024-08-27T13:14:07.033394,,cellular,0
67E7F581-E20D-4F21-924D-134850C64CAB,2024-08-27T13:20:19.179390,,cellular,0
FEDA9B71-3D89-4BCA-AEDD-ED2B32F2B3FE,2024-08-27T13:20:52.035266,,cellular,0
25ACA510-8293-4427-9CA1-A0136A3FDBE7,2024-08-27T13:21:07.453143,,cellular,0
0A5E3AC0-35BB-489B-B4AF-37DCD27F6558,2024-08-27T13:23:55.028838,,cellular,0
36847C6C-7A1B-4E4C-AD19-93B7B38E34C2,2024-08-27T13:34:23.076702,,cellular,0
01F11A76-F1EB-4997-BC5D-6190594B11CD,2024-08-27T13:39:42.053073,,cellular,0
2C35F655-C35F-4C8D-9EBC-44FFE4F038A4,2024-08-27T13:43:11.023104,,cellular,0
6815786A-2B47-4B5A-B6D1-43C57A40363E,2024-08-27T13:46:44.046189,,cellular,0
B135067D-2518-4396-9170-5F7D9BAC4EB2,2024-08-27T13:51:36.038600,,cellular,0
64A2A7BF-0F0F-4E25-9272-69D7DBF8256A,2024-08-27T13:51:49.028433,,cellular,0
F3B84751-C016-4C2E-B8AC-8BCF17A1745A,2024-08-27T13:55:11.035519,,cellular,0
C046D754-1BA3-47D4-8061-2394CDD2A158,2024-08-27T13:55:16.230254,,cellular,0
55AE70AD-1676-49A5-9B9A-9C61DF05332A,2024-08-27T13:58:44.047852,,cellular,0
43957C00-7706-42F8-9E75-8EA04FBC2205,2024-08-27T14:58:39.041813,,cellular,0
1AA945C7-BB42-465C-8D56-3A425E79DA8F,2024-08-27T15:18:20.040952,,cellular,0
26FE5E21-A053-4A8F-BA35-C2E6CF55E76D,2024-08-27T15:26:45.062988,,cellular,0
EB037E75-8EDA-4EC1-8B2B-BAA4A245E4DA,2024-08-27T15:41:47.043753,,cellular,0
3DD15A65-9930-48A4-86B2-AFCD2A8AB0D0,2024-08-27T15:45:17.039650,,cellular,0
02068868-2FEB-43BA-A81E-E791473C8F60,2024-08-27T15:53:49.053210,,cellular,0
AFB11F34-1FF6-45BA-B9F1-A34E5FC60271,2024-08-27T16:28:18.050075,,cellular,0
F226C3CF-1AC0-46C2-9B92-558CCC9C6D23,2024-08-27T16:38:10.048709,,cellular,0
FBAA82E3-616F-4955-A3FB-4E347FD47CF7,2024-08-27T16:52:27.038961,,cellular,0
F2E0A898-FC5D-4169-BEF0-F1F0C15BB8C0,2024-08-27T16:53:27.032454,,cellular,0
FB48C229-D13F-4050-B247-F15D9108CE0C,2024-08-27T18:07:10.050502,,cellular,0
42BA7BD6-82D6-468F-854B-C64518245A28,2024-08-27T21:17:27.037045,,cellular,0
13121B10-621B-4CBD-934C-96FF955120E7,2024-08-27T21:51:56.164741,,cellular,0
F67D0552-3B66-4DB7-8D9A-F5374058A1ED,2024-08-27T22:41:40.050257,,cellular,0
86BCCCBB-ADB8-4EF4-A871-4A64060CF277,2024-08-27T22:41:57.035725,,cellular,0
D33F0288-802E-4D71-90C2-D7D647F98A86,2024-08-28T14:05:59.038958,,cellular,0
3C6EA60B-14ED-48BA-8D60-6778FFCED39C,2024-08-28T14:17:04.038163,,cellular,0
57CDE221-06F8-4910-ADB7-166BA09238A3,2024-08-28T14:17:20.038716,,cellular,0
4EDF14E2-4114-4D81-B925-5B7830CE25B4,2024-08-28T14:23:26.050398,,cellular,0
0ABEA036-F585-47F0-91CD-2DDD40E0AC0A,2024-08-28T15:03:24.037747,,cellular,0
604B05BB-B903-41C9-8FA9-99FDA444EB1C,2024-08-28T16:06:07.026017,,cellular,0
80AFEBD1-B1C0-4DDE-9BA5-B524EE0D8CDA,2024-08-28T17:00:11.033354,,cellular,0
7790E4FB-90BB-49D3-98DD-9D85881017E2,2024-08-28T19:01:12.647491,,cellular,0
FD699F18-3FA6-4A87-A0CE-C89DD431D6E7,2024-08-28T21:27:03.028109,,cellular,0
CD8B4D22-B88C-4ADA-B29A-B4B864D56DE0,2024-08-28T22:52:58.032480,,cellular,0
04D00CA6-4D60-4D89-A276-CF8C0F921841,2024-08-29T14:29:02.031433,,cellular,0
EB1E75D1-A170-4E00-A863-0C043ACD6870,2024-08-29T16:01:39.031433,,cellular,0
83064547-7479-4EE7-9C96-9262530CB9F1,2024-08-29T16:18:37.048948,,cellular,0
19F81E7D-11B1-4165-8985-E0947DAE7C00,2024-08-29T16:25:35.028814,,cellular,0
FB26C5A1-8D93-4957-9099-70EB6A712604,2024-08-29T17:14:24.031635,,cellular,0
F1897F24-FAAA-4869-9C84-C7C3C56811E3,2024-08-29T18:11:10.034675,,cellular,0
D29605BF-CCAF-46DE-B921-1E15F078AF4B,2024-08-29T20:14:37.035261,,cellular,0
A88A330D-553B-4756-BB3E-D0C4A1CD11F3,2024-08-29T20:16:28.415929,,cellular,0
D12399CE-29E4-483C-8C19-C2A90C9E9945,2024-08-29T20:19:52.720530,,facetime,0
F8E74EC6-D822-43B8-BE7E-7ABA539C5D6F,2024-08-29T20:47:26.039598,,cellular,0
6B459C1E-572A-443A-B0C5-C0E2F3514BC9,2024-08-29T22:37:12.049572,,cellular,0
6821660B-4257-4A5F-8E4B-811ABA42C4F0,2024-08-30T01:00:13.053162,,cellular,0
2AB7F9C1-6724-4D02-833F-A9C68FF9236B,2024-08-30T01:52:41.048212,,facetime,0
A0D445D5-EFC0-45A3-92D8-5853CADE4897,2024-08-30T01:52:59.654428,,facetime,0
BE87FEFD-3074-4BDA-8D2E-C161CA218C05,2024-08-30T05:32:01.043688,,cellular,0
488B4535-4A51-4BC8-8BB4-E47D461B5953,2024-08-30T05:43:01.041251,,cellular,0
4D103534-9A61-45D2-A0D7-3AE8442B3903,2024-08-30T05:43:18.020002,,cellular,0
12A29728-9504-48A7-870B-0D14ADD691E5,2024-08-30T09:29:09.033149,,cellular,0
F0E2E411-7F8E-4D06-8CD1-C15DF9E87CD9,2024-08-30T14:08:51.063442,,cellular,0
E884B261-699C-42DE-8611-1ACF834968EC,2024-08-30T14:20:42.035481,,cellular,0
2F7A1F7C-532C-4E59-95CB-9D237708DA6D,2024-08-30T14:36:53.021021,,cellular,0
6CFA6C1E-032A-4CA5-B3BE-D2620FA8A2C4,2024-08-30T14:40:58.022594,,cellular,0
50AB8B59-5144-4447-AA4D-7A465B5A5BB6,2024-08-30T15:19:31.033623,,cellular,0
AB3D02B9-D206-46B7-A7D7-325895250E16,2024-08-30T15:23:04.297383,,facetime,0
09981FDD-EFC2-420B-B15C-867FADD41CF1,2024-08-30T15:58:40.038957,,cellular,0
7258F7E2-69FF-4EA9-8239-5CAC981BC331,2024-08-30T17:02:18.031541,,cellular,0
171E8ABC-5882-4948-8D0F-D2E7373E5292,2024-08-30T19:32:16.037585,,cellular,0
BF01C6B5-7BBF-4527-A7FB-BAA7E8C7AD20,2024-08-30T20:26:55.047648,,cellular,0
4E39FA10-EB3E-4435-9817-ED38A4C5D3CB,2024-08-30T20:32:12.051204,,cellular,0
ADE9D72B-C816-4740-AA54-91BA1C9EE22C,2024-08-30T23:03:58.575749,,cellular,0
0193D6A1-3A48-4647-8EFF-945625CEE68B,2024-08-31T00:05:59.049131,,cellular,0
03367150-F833-4BF6-B05B-E5DA6B22D303,2024-08-31T03:00:49.035916,,cellular,0
8EA9D97A-FF77-49A4-806B-25D8298982D0,2024-08-31T23:25:08.040236,,cellular,0
3EDC613B-CF8B-46F6-81D2-85E94DB5E0E9,2024-09-01T05:24:47.388932,,facetime,0
25079277-F4D1-4738-BA45-68FFE6C2BA2E,2024-09-01T14:49:50.029317,,cellular,0
70870D2F-9A51-4B61-AAD7-0DB3E7570AE9,2024-09-01T14:58:24.279314,,cellular,0
5DE9B338-0908-4D67-A30E-E79FDF566DB3,2024-09-01T15:03:32.968652,,facetime,0
168D5493-5CF3-4F28-B3E6-D6708105CC15,2024-09-01T15:03:33.985444,,facetime,0
2A9B3020-FFD9-4B60-9C84-1B63D11AE5E2,2024-09-01T16:46:26.218115,,cellular,0
88759748-A309-41A6-8A56-A55D4ABC0045,2024-09-01T16:47:53.174725,,cellular,0
1327C223-8BEE-4CE1-B795-82E64310915D,2024-09-01T17:55:12.722918,,facetime,0
ADE2E33A-B7E5-45FC-A67B-52E2E0D966E5,2024-09-01T17:55:54.289535,,facetime,0
B94FF99C-FC64-4709-94DD-95763B3E80D4,2024-09-01T18:19:13.772058,,facetime,0
9CF427A2-B9DC-474F-B58E-09B9C7526087,2024-09-01T22:39:43.026029,,cellular,0
68F15A00-E7B7-442A-9BD6-7A21B12F956E,2024-09-02T03:29:28.180030,,facetime,0
72ECBDE5-075C-4A21-8B95-465061859389,2024-09-02T04:39:44.039872,,cellular,0
BA13A4FC-9796-4132-B790-E1CD65292A21,2024-09-02T14:14:10.047052,,cellular,0
20B33E57-8CE7-482A-8814-8C430D3B8F0D,2024-09-02T16:22:41.038758,,cellular,0
5BB0557A-1009-4417-87D4-3974928C8AA7,2024-09-02T16:24:49.026841,,cellular,0
79A2396F-5AA8-4E41-83EE-01A68AAF4436,2024-09-02T17:30:54.989229,,facetime,0
383ED282-3B70-49A5-AF40-26FA10CE5309,2024-09-02T21:50:57.048673,,cellular,0
D0F6A776-61A1-42F3-9DF6-732F6172657B,2024-09-02T21:52:12.060023,,cellular,0
13196692-E6A6-4800-B6E1-2AF04EF77233,2024-09-02T22:11:53.043295,,cellular,0
B041DBCC-C4E5-4283-88A3-14A0E2A6E441,2024-09-02T22:41:24.042232,,cellular,0
444CBE0D-3F86-4497-8F54-BFAF640A92C5,2024-09-02T22:58:05.025783,,cellular,0
358AE93B-A943-4F8D-9D5D-DF1AB5513062,2024-09-02T22:58:26.055995,,cellular,0
543C7242-6060-48C3-AB38-37735B2A14E5,2024-09-03T03:03:04.035794,,cellular,0
EFE9AAB4-6DEC-42F7-B159-71BB555795D1,2024-09-03T14:50:51.075238,,cellular,0
BA419E62-5A88-45C4-BD48-7BC8006F921E,2024-09-03T15:05:32.504977,,cellular,0
4BA5B8E1-1270-432A-ACBC-6C3E08179862,2024-09-03T16:16:00.579454,,facetime,0
ABDC131F-8EA6-47CB-A24B-1A77F0CAC9C0,2024-09-03T16:21:20.945637,,cellular,0
750D3DDC-169E-417E-92CB-97524F97AAD4,2024-09-03T16:26:38.046674,,cellular,0
927FC86D-648C-4DE2-8998-27B518E7183A,2024-09-03T17:51:38.052313,,cellular,0
87CF5E74-D8C9-4190-A199-3FC3A756D7E2,2024-09-03T17:54:18.029909,,cellular,0
EAAC798A-ABE1-4017-AD97-412A536B546A,2024-09-03T18:04:41.064924,,cellular,0
2413E96D-73BE-455B-88E4-7F135F61EF74,2024-09-03T18:14:04.081101,,cellular,0
9E368A23-D1BC-4DE1-97FF-BD27D44DEF18,2024-09-03T18:21:52.046398,,cellular,0
71F2CF4F-6832-4A36-8B56-25EF3F2FE36F,2024-09-03T19:16:14.066873,,cellular,0
53B365A4-BF5D-4B10-BD0E-D9EE257B5386,2024-09-03T19:16:26.049144,,cellular,0
B30C0089-78C9-4ED8-9360-86642402969E,2024-09-03T19:31:58.060692,,cellular,0
E15D3E95-D634-4C94-80E2-6119C0FDC5E5,2024-09-03T21:43:00.045246,,cellular,0
6060C943-1372-4B4D-921B-E181EFCE07B1,2024-09-03T21:43:18.057298,,cellular,0
455BA2AF-52FA-4AFB-A11B-E996F73C282F,2024-09-03T21:54:31.043301,,cellular,0
538BEE4C-E35F-4373-93E5-EFF594DB4024,2024-09-03T21:58:23.045020,,cellular,0
52367FCD-24C6-47F3-B0E2-5413F2648700,2024-09-03T22:10:00.040245,,cellular,0
627996AC-2A6B-461A-8D4A-8C7332915A17,2024-09-03T22:11:16.036441,,cellular,0
9D9C661A-1999-4E7D-BF98-709726293893,2024-09-03T22:12:40.027606,,cellular,0
71A5CDE4-776F-4E58-A447-05E64897E599,2024-09-03T22:21:22.074894,,cellular,0
0D9BD350-4C0C-4673-B6EF-08B33B2F242E,2024-09-04T01:16:51.040410,,cellular,0
4FD86FAC-CB1E-4B8F-8D62-7B8B1F282BEB,2024-09-04T01:38:58.035989,,cellular,0
D41435BF-FC0B-4374-A404-FE70BCE02715,2024-09-04T01:53:26.050511,,cellular,0
61F8766B-9394-4C3F-AF00-2FB43F8A60A8,2024-09-04T02:28:47.060443,,cellular,0
8CAF7D23-44DC-4E5B-BDCF-A81DF4497547,2024-09-04T15:30:14.295415,,facetime,0
7E87ED4F-C832-4E2D-A8D2-8794F4147A67,2024-09-04T16:49:34.044598,,cellular,0
B1DF2B97-3335-4833-9819-800CB60CBC55,2024-09-04T17:00:35.044349,,cellular,0
44C59EAB-F1F8-4330-BFD8-990D26151E21,2024-09-04T17:03:23.740020,,cellular,0
4F796A98-7D3B-403D-9F8A-5F78EB883666,2024-09-04T17:32:59.055513,,cellular,0
7CF85A07-7099-4B2D-8E19-80BC6CA92C8A,2024-09-04T17:41:24.038610,,cellular,0
1D769626-C76C-4C8C-8B11-58EDFC529799,2024-09-04T19:14:39.035494,,cellular,0
16FA875B-CC70-4D49-87CB-6377488F3836,2024-09-04T19:15:42.050309,,cellular,0
AB0BCD4C-FEB7-498F-948B-85E29261ECC0,2024-09-04T19:26:47.052020,,cellular,0
D590D623-1149-48DE-BB48-A5FA5C33D88C,2024-09-04T20:07:07.037246,,cellular,0
6F655B85-5C1B-405E-B3FE-1BB63C7993B4,2024-09-04T21:59:13.051173,,cellular,0
37EB6619-6069-4142-A85F-93ADCC64CD17,2024-09-04T22:44:23.068053,,facetime,0
413DFB07-6CFD-4567-8A37-61A0AA914F17,2024-09-04T22:56:19.041088,,cellular,0
CE822C11-590C-4DD4-9457-21A50910819F,2024-09-04T23:07:49.469472,,facetime,0
3714F89D-C384-4886-ACCD-D42084433554,2024-09-04T23:08:12.052191,,cellular,0
0EEBDD36-BB06-42C6-A762-19602931EAC4,2024-09-04T23:09:58.047980,,cellular,0
D836A389-4F34-484B-833A-AF00450CD049,2024-09-05T00:18:19.055245,,cellular,0
AD7927C1-EF83-40B4-8C4C-6B4692E723F9,2024-09-05T00:45:54.049321,,cellular,0
59CD0F42-A431-4C78-B415-84F92DB555BF,2024-09-05T00:49:56.039917,,cellular,0
B7AC64D2-3A68-4EE8-8363-EA23B9DC27FD,2024-09-05T15:11:24.041055,,cellular,0
4FE00C4C-2B33-4269-A1C1-A92FF7EFCB5C,2024-09-05T15:24:59.038543,,cellular,0
8343928E-704D-4B04-861B-EDF78ED59BF2,2024-09-05T16:10:34.036408,,cellular,0
2FB6EF7B-B24D-4F3C-B2F1-E0502F0C2B9C,2024-09-05T16:11:28.052424,,cellular,0
52C1B6F5-12CC-4F66-9E7F-0A125C19933D,2024-09-05T16:18:07.038312,,cellular,0
F35F6F84-3E3F-467B-9840-D35AD3B4608A,2024-09-05T16:23:31.035783,,cellular,0
59F7C738-AE63-433E-A5E2-D39EA5A4D30F,2024-09-05T17:29:58.032162,,cellular,0
7E4E9C6C-088D-4A0C-A533-450F6BBB69B4,2024-09-05T17:54:30.090881,,cellular,0
28AE2927-35C2-42C4-A044-A90F7DB6466B,2024-09-05T18:10:02.036699,,cellular,0
E1A1B843-F484-429E-830E-BE2D93B343F1,2024-09-05T19:42:20.036540,,cellular,0
582C4F04-B3A1-4519-A500-C2ED61333147,2024-09-05T20:01:10.067009,,cellular,0
6F2153E4-767D-4737-9D58-61DBAFC88FEC,2024-09-05T20:05:53.049139,,cellular,0
0094FE87-CF4B-4D59-9BE6-22D73345DB88,2024-09-05T20:06:41.043952,,cellular,0
070CA10F-A432-4D97-9283-412020008BD4,2024-09-05T22:58:32.060817,,cellular,0
CAC519F3-19B1-4952-96F6-D3918F972B13,2024-09-05T23:10:33.382734,,cellular,0
15636097-48C4-4FC6-A578-82220A568EF9,2024-09-05T23:10:47.043848,,cellular,0
D81FF3C6-A1A2-45D8-BC01-090CECA1D6D2,2024-09-06T00:46:00.042469,,cellular,0
D8413123-66BA-4938-AFF3-0113721DC1CB,2024-09-06T14:04:10.042314,,cellular,0
3F6C8D24-4A62-44E6-AF9C-35E1CB92E335,2024-09-06T15:41:43.038299,,cellular,0
17F8BD58-20D3-49E0-95E8-73B4E0643668,2024-09-06T15:47:08.047819,,cellular,0
BCBCF552-26E3-4632-991B-BE77460BA47F,2024-09-06T16:15:04.035258,,cellular,0
18362E0C-C4CB-4A4F-820B-D30D2AE709B9,2024-09-06T16:16:13.041884,,cellular,0
07D4F092-F0DF-4250-B5F6-F6CDB2D4DC9D,2024-09-06T17:35:53.069324,,cellular,0
0753322D-87B3-4AF3-965F-169E13574A6C,2024-09-06T17:39:19.038748,,cellular,0
FA85DEE0-2BB5-4305-929B-6C385974C27B,2024-09-06T19:41:07.040168,,cellular,0
9D3DEF0F-31B1-43A1-BA3F-83AA6DA87E16,2024-09-06T21:37:00.038112,,cellular,0
5932F2A4-E016-4A53-96A8-80C97AC7DC0A,2024-09-06T21:41:58.049328,,cellular,0
54B13357-D708-49DB-A49A-85F536649875,2024-09-06T21:42:41.028588,,cellular,0
F49498BE-FE95-45A2-B4FB-88E74086EC2C,2024-09-06T21:54:31.050240,,cellular,0
2551F3EB-931B-4109-A9C3-EAEC2C70DCFB,2024-09-06T21:55:08.052992,,cellular,0
37490080-5E30-4390-8181-473E916E0826,2024-09-06T22:31:51.482405,,cellular,0
7FF48882-6863-4FFA-978A-5F8217DF212E,2024-09-06T22:32:01.029136,,cellular,0
E96C88B7-FB30-407F-B655-95800A93E9EE,2024-09-06T22:43:33.028992,,facetime,0
4C3B0071-A6CA-400A-BAF6-8300FB416D73,2024-09-06T22:58:33.056384,,cellular,0
54D80A87-EA9A-4767-9862-12055267765C,2024-09-06T23:05:48.053977,,cellular,0
BA1A203A-0A1F-4F2B-8BFD-CC3EB6D3C09C,2024-09-07T01:39:38.039672,,cellular,0
8F4B5297-52BF-4BDE-BCF8-0854462B16F1,2024-09-07T14:41:31.040500,,cellular,0
8E49C82F-BAFA-48CB-A935-86845137E92C,2024-09-07T16:52:27.043547,,cellular,0
FA48CAAB-99C8-4721-B542-3F6C7AED9982,2024-09-07T17:08:54.048055,,cellular,0
212085F3-DFA0-4A01-8CAC-F54081D9D0BE,2024-09-07T18:53:02.038252,,cellular,0
8F589FCA-11F5-4A93-BFFF-E831F564D03E,2024-09-07T19:02:43.033381,,cellular,0
FDF66075-978A-4309-AAE0-C573F936B3F4,2024-09-07T20:14:32.041931,,cellular,0
F84D5B54-FB66-4F95-9952-C153CD932E8C,2024-09-07T22:08:26.034991,,cellular,0
FCA3611B-48D2-48E1-9B27-C05B86EF113F,2024-09-07T22:54:43.038996,,cellular,0
87CEF674-244E-466C-A859-8324B7BF34CF,2024-09-07T22:57:27.217559,,cellular,0
0A8FA5D7-2709-48ED-AEA6-1A185BF0C68C,2024-09-07T23:07:39.410442,,facetime,0
9693A0E6-85D8-4C73-A763-E8930AF60AC8,2024-09-08T00:08:48.065376,,cellular,0
8E31AE21-E27C-4BD9-AB9E-8C7C8E46FBB4,2024-09-08T00:44:14.043484,,cellular,0
34115044-1C8D-4361-967C-A765D3E0CC99,2024-09-08T01:20:28.046999,,cellular,0
D0DAF7AC-4FB3-4DDF-A77B-3BFFA597E169,2024-09-08T02:32:01.041252,,cellular,0
36893252-FBFE-401F-9F94-9302AE2AD470,2024-09-08T03:20:33.041823,,cellular,0
C804324A-CD12-4547-8634-C17E946D4849,2024-09-08T03:25:01.999000,,cellular,0
3F6C977F-53F5-4D19-82F2-0C8BAC15A474,2024-09-08T16:31:01.030070,,cellular,0
C863796D-8830-4E91-8DE2-58429EFDB580,2024-09-08T16:44:17.063303,,cellular,0
D55D8BD6-1F6F-4A48-BABB-FEA1C769D3C0,2024-09-08T18:20:37.058416,,cellular,0
9D081591-0B0B-4E7C-9901-726F0BA8EEAA,2024-09-08T18:34:40.036616,,cellular,0
D12EC578-6248-49ED-8764-77889837D304,2024-09-08T19:16:51.055172,,cellular,0
0BA21B59-A567-4A32-815B-2DE6E0D409B5,2024-09-08T19:25:15.042570,,cellular,0
A81AD36B-2EF3-44D0-8D75-09A40A128A14,2024-09-08T19:40:13.040828,,cellular,0
CEA3290E-26B6-4FB0-AB45-E8E0D383434A,2024-09-09T02:26:37.116097,,cellular,0
6464F370-43E5-4E66-B0AD-D8EA3E71DE72,2024-09-09T03:36:47.376115,,facetime,0
90C31863-A0EC-4F76-99A4-4E1CB6771B44,2024-09-09T03:37:32.297606,,facetime,0
87E05402-1084-495C-B37C-55945501D4E7,2024-09-09T03:37:42.384437,,facetime,0
495FEA06-F97A-498F-BEB1-0930B89A986C,2024-09-09T04:14:23.049892,,cellular,0
14284C3B-2BF7-4959-AC6B-F589B1418BDC,2024-09-09T06:41:10.036744,,cellular,0
9CCE3A98-4416-40E0-8AA8-CBEB5AF3BF67,2024-09-09T14:39:25.029216,,cellular,0
5920B336-94C6-48DF-8EDC-8F8C0427641C,2024-09-09T14:40:49.035695,,cellular,0
A391CA5D-785D-495B-9303-806B15FA05AC,2024-09-09T18:42:17.180007,,cellular,0
7F5EF15F-792D-4C26-9C58-A5D9A769767B,2024-09-09T18:42:54.983629,,facetime,0
60743C2F-FE3F-4FBE-83D1-6C37F39CA52D,2024-09-09T20:52:33.032010,,cellular,0
7885BB6E-19C1-4526-8B83-22BDF93D0E3E,2024-09-10T03:18:00.022349,,cellular,0
70756D42-B46A-4408-87A8-7595DCAC8815,2024-09-10T15:35:33.031607,,cellular,0
136D7CFF-0D44-45A1-BDF7-5B603E74EB3F,2024-09-10T15:50:55.034956,,cellular,0
995916AC-46BE-4BA6-A283-E17CDF5360A8,2024-09-10T16:21:28.049900,,cellular,0
47142094-AEBA-44C9-B88F-A36BB782D5D6,2024-09-10T19:35:53.028877,,cellular,0
59C18CA1-5A50-4C89-BA02-0047326F4BCF,2024-09-10T19:59:08.036306,,cellular,0
EB2298AF-14FE-4157-A784-E0FC467B6B91,2024-09-10T20:00:31.034320,,cellular,0
357AE332-0749-4DEA-A65C-20291E8E846F,2024-09-10T20:19:14.034393,,cellular,0
BB28355A-67D8-44EA-B294-8A12721EF672,2024-09-10T21:13:51.036035,,cellular,0
1AC59961-3556-4E0D-B026-114F767EBCD2,2024-09-10T21:14:17.044718,,cellular,0
72523DC5-AF64-43E9-B063-A0818C2D5A72,2024-09-11T00:04:13.759669,,cellular,0
8D0E841C-7D32-4639-9DA3-33B87A4A7C93,2024-09-11T00:04:33.046089,,cellular,0
047C95AD-2071-479D-BED0-6431F60E4A70,2024-09-11T00:10:13.056551,,cellular,0
17BC6488-555E-493B-99EB-035657C3C869,2024-09-11T00:27:33.031474,,cellular,0
001994A0-7196-4F1E-B873-F876C732BE43,2024-09-11T04:36:07.169117,,cellular,0
B6E604BB-DABD-46BB-A862-77B13B086230,2024-09-11T04:36:24.153739,,facetime,0
4719DCFC-2073-4C46-9C83-CE844F7A7AD9,2024-09-11T11:54:47.041183,,cellular,0
63A62318-6A10-4809-A497-05163103732D,2024-09-11T13:04:35.529755,,cellular,0
FB36207C-F85C-4CFC-80EA-33F914A54082,2024-09-11T13:04:47.044409,,cellular,0
6A70C10E-1374-49BF-B214-7F48CA9BFD94,2024-09-11T13:23:37.035979,,cellular,0
622BF1E6-1539-480C-A13B-EE9B76C44286,2024-09-11T18:52:02.032252,,cellular,0
56F50F5F-0679-4D3F-9F6C-7CC4E77B4C2F,2024-09-11T19:09:04.039282,,cellular,0
7EB02A12-285C-480F-9514-78CD3B2A20B1,2024-09-11T20:50:32.035675,,cellular,0
0B6D74A5-28FD-4D13-8C55-766951D6605A,2024-09-11T20:57:33.793633,,cellular,0
E97B46B6-4A89-4D47-90FD-AFAAF002C572,2024-09-11T21:04:00.037655,,cellular,0
43F5B859-719D-4228-B504-9ABED7BB0B1F,2024-09-11T21:08:15.034481,,cellular,0
5D379DAA-6DC9-4B2A-A11A-01A8C2E54781,2024-09-11T22:19:29.463625,,cellular,0
95E80561-BB92-42FC-AD47-8675FE3AF70D,2024-09-11T22:30:27.032401,,cellular,0
9DCAE107-C8F1-4298-8167-2FFB331B6E82,2024-09-11T22:34:56.048461,,cellular,0
B5A133E1-BC15-4077-BF83-DC476FF81BDF,2024-09-11T22:42:10.049385,,cellular,0
643E3DA2-911F-4017-879F-BA4B59185AF4,2024-09-11T22:53:56.040006,,cellular,0
4927831B-7830-411A-B588-29DD5BB84EF3,2024-09-11T23:13:21.036994,,cellular,0
D169CECC-2737-4615-816E-70DF7296F6F6,2024-09-12T02:39:46.148238,,cellular,0
B3C8261A-1BDB-4673-84D4-0B090CDF702C,2024-09-12T02:58:04.629762,,facetime,0
A80C3999-9259-442C-8148-6900B8A3E2F6,2024-09-12T12:07:45.677807,,facetime,0
8FF15A97-3412-45A5-908D-03F9F99965A8,2024-09-12T14:17:00.033390,,cellular,0
A42A2371-B170-4CE0-80F0-F2221F0EFC32,2024-09-12T14:20:24.044058,,cellular,0
FC62C86E-FB5A-4C25-9F6D-A9626D4947B9,2024-09-12T15:02:40.049768,,cellular,0
DEC44DE9-10C5-4F7E-BF42-FB8437C21A32,2024-09-12T18:26:16.059067,,cellular,0
42D741D2-7F27-4A29-BCCF-3E80B60E38B3,2024-09-12T19:40:43.097879,,cellular,0
1E380552-43A2-40DC-9CFB-46A8FDC9F49F,2024-09-12T20:00:15.032157,,cellular,0
8109815B-9BE6-43DF-82FB-51EBA4595646,2024-09-12T21:00:27.061538,,cellular,0
206D0F4B-7D63-419D-982C-3B2DC0858E04,2024-09-12T22:02:53.042801,,cellular,0
DA079D22-5116-4CC8-94E7-0CB95F0A4AB5,2024-09-12T22:45:28.998930,,cellular,0
